product_id,product_name,category,unit_price
362,"classic anthology",books,66.56
153,"classic anthology",books,151.74
238,"classic anthology",books,165.69
852,"classic anthology",books,197.18
568,"classic anthology",books,231.39
954,"classic anthology",books,283.37
1220,"classic anthology",books,287.43
481,"classic anthology",books,306.83
698,"classic anthology",books,308.55
652,"classic anthology",books,310.93
649,"classic anthology",books,314.18
1233,"classic anthology",books,367.56
150,"classic anthology",books,382.02
1252,"classic anthology",books,382.5
1005,"classic anthology",books,394.58
1142,"classic anthology",books,398.44
1081,"classic anthology",books,417.33
106,"classic anthology",books,427.78
736,"classic guide",books,5.76
544,"classic guide",books,91.53
256,"classic guide",books,100.57
676,"classic guide",books,135.0
1003,"classic guide",books,154.04
1279,"classic guide",books,160.65
102,"classic guide",books,277.2
35,"classic guide",books,305.92
196,"classic guide",books,321.5
958,"classic guide",books,329.46
1112,"classic guide",books,367.9
580,"classic guide",books,397.45
384,"classic guide",books,424.72
195,"classic guide",books,469.26
460,"classic guide",books,497.8
556,"classic jacket",clothing,78.11
387,"classic jacket",clothing,82.58
170,"classic jacket",clothing,97.18
465,"classic jacket",clothing,118.86
999,"classic jacket",clothing,164.36
983,"classic jacket",clothing,166.91
1002,"classic jacket",clothing,168.81
308,"classic jacket",clothing,203.5
359,"classic jacket",clothing,258.55
536,"classic jacket",clothing,289.84
71,"classic jacket",clothing,293.16
832,"classic jacket",clothing,319.98
762,"classic jacket",clothing,333.61
480,"classic jacket",clothing,383.09
444,"classic jacket",clothing,435.0
750,"classic jacket",clothing,438.73
161,"classic jacket",clothing,494.4
512,"classic jeans",clothing,9.68
1265,"classic jeans",clothing,15.53
982,"classic jeans",clothing,46.54
474,"classic jeans",clothing,70.83
85,"classic jeans",clothing,98.0
710,"classic jeans",clothing,181.16
2,"classic jeans",clothing,183.25
1042,"classic jeans",clothing,228.81
1025,"classic jeans",clothing,288.92
453,"classic jeans",clothing,307.15
748,"classic jeans",clothing,312.81
124,"classic jeans",clothing,370.13
134,"classic jeans",clothing,422.3
1200,"classic jeans",clothing,481.71
184,"classic jeans",clothing,481.93
1095,"classic memoir",books,35.79
325,"classic memoir",books,98.98
45,"classic memoir",books,198.39
1210,"classic memoir",books,236.53
310,"classic memoir",books,307.56
1227,"classic memoir",books,318.06
677,"classic memoir",books,398.04
232,"classic memoir",books,402.76
174,"classic memoir",books,429.55
479,"classic memoir",books,452.31
1246,"classic memoir",books,454.51
275,"classic memoir",books,461.49
48,"classic memoir",books,497.37
1041,"classic novel",books,28.09
893,"classic novel",books,34.74
620,"classic novel",books,59.27
885,"classic novel",books,80.95
809,"classic novel",books,89.33
1091,"classic novel",books,113.48
810,"classic novel",books,194.01
89,"classic novel",books,248.35
353,"classic novel",books,336.7
1119,"classic novel",books,344.31
838,"classic novel",books,356.62
1128,"classic novel",books,361.44
639,"classic novel",books,367.88
477,"classic novel",books,385.0
128,"classic novel",books,475.81
611,"classic shirt",clothing,14.56
545,"classic shirt",clothing,30.07
1043,"classic shirt",clothing,50.45
1021,"classic shirt",clothing,52.21
640,"classic shirt",clothing,54.93
379,"classic shirt",clothing,145.92
180,"classic shirt",clothing,153.7
295,"classic shirt",clothing,247.44
683,"classic shirt",clothing,251.47
74,"classic shirt",clothing,416.73
144,"classic shirt",clothing,428.76
1100,"classic shirt",clothing,437.99
1101,"classic shirt",clothing,447.03
1216,"classic sweater",clothing,7.32
463,"classic sweater",clothing,12.27
133,"classic sweater",clothing,41.23
1066,"classic sweater",clothing,77.27
446,"classic sweater",clothing,82.74
378,"classic sweater",clothing,125.25
1105,"classic sweater",clothing,125.99
345,"classic sweater",clothing,126.39
526,"classic sweater",clothing,129.61
560,"classic sweater",clothing,158.81
167,"classic sweater",clothing,160.73
12,"classic sweater",clothing,203.49
770,"classic sweater",clothing,248.97
653,"classic sweater",clothing,266.45
588,"classic sweater",clothing,304.53
94,"classic sweater",clothing,323.48
364,"classic sweater",clothing,354.61
644,"classic sweater",clothing,374.8
245,"classic sweater",clothing,422.42
330,"classic sweater",clothing,425.17
1107,"classic sweater",clothing,426.68
425,"classic sweater",clothing,428.33
206,"classic sweater",clothing,457.25
662,"colorful blocks",toys,22.0
6,"colorful blocks",toys,42.64
1065,"colorful blocks",toys,50.67
19,"colorful blocks",toys,58.23
1221,"colorful blocks",toys,104.52
635,"colorful blocks",toys,106.93
593,"colorful blocks",toys,113.41
642,"colorful blocks",toys,158.68
959,"colorful blocks",toys,159.3
672,"colorful blocks",toys,167.66
257,"colorful blocks",toys,206.44
738,"colorful blocks",toys,216.69
1285,"colorful blocks",toys,217.1
944,"colorful blocks",toys,250.49
696,"colorful blocks",toys,268.03
274,"colorful blocks",toys,291.23
870,"colorful blocks",toys,324.5
573,"colorful blocks",toys,328.21
973,"colorful blocks",toys,331.4
740,"colorful blocks",toys,332.85
701,"colorful blocks",toys,346.36
575,"colorful blocks",toys,367.29
1247,"colorful blocks",toys,407.01
294,"colorful blocks",toys,407.94
1061,"colorful blocks",toys,439.54
155,"colorful car",toys,69.37
92,"colorful car",toys,75.4
1076,"colorful car",toys,131.28
283,"colorful car",toys,159.41
919,"colorful car",toys,161.01
525,"colorful car",toys,197.67
681,"colorful car",toys,290.72
435,"colorful car",toys,296.36
1079,"colorful car",toys,326.47
121,"colorful car",toys,357.92
62,"colorful car",toys,363.45
1195,"colorful car",toys,386.6
1044,"colorful car",toys,404.48
925,"colorful car",toys,442.48
61,"colorful car",toys,465.32
921,"colorful car",toys,476.73
427,"colorful doll",toys,29.32
774,"colorful doll",toys,292.44
64,"colorful doll",toys,309.74
578,"colorful doll",toys,312.8
457,"colorful doll",toys,364.38
794,"colorful doll",toys,368.24
75,"colorful doll",toys,390.22
326,"colorful doll",toys,390.89
433,"colorful doll",toys,399.7
471,"colorful doll",toys,486.04
14,"colorful puzzle",toys,16.57
486,"colorful puzzle",toys,19.45
148,"colorful puzzle",toys,100.16
20,"colorful puzzle",toys,121.51
957,"colorful puzzle",toys,129.46
684,"colorful puzzle",toys,147.47
940,"colorful puzzle",toys,300.98
765,"colorful puzzle",toys,330.82
840,"colorful puzzle",toys,337.45
725,"colorful puzzle",toys,346.31
1177,"colorful puzzle",toys,351.6
1154,"colorful puzzle",toys,413.38
805,"colorful puzzle",toys,446.91
654,"colorful puzzle",toys,454.55
1151,"colorful puzzle",toys,480.87
1140,"colorful puzzle",toys,481.74
209,"comfortable jacket",clothing,40.85
1009,"comfortable jacket",clothing,86.34
1257,"comfortable jacket",clothing,132.2
716,"comfortable jacket",clothing,195.6
212,"comfortable jacket",clothing,267.54
855,"comfortable jacket",clothing,280.66
582,"comfortable jacket",clothing,295.11
424,"comfortable jacket",clothing,328.57
476,"comfortable jacket",clothing,340.66
268,"comfortable jacket",clothing,349.82
493,"comfortable jacket",clothing,453.81
1222,"comfortable jacket",clothing,474.08
630,"comfortable jacket",clothing,493.48
1146,"comfortable jeans",clothing,53.9
367,"comfortable jeans",clothing,84.77
680,"comfortable jeans",clothing,95.01
262,"comfortable jeans",clothing,114.23
391,"comfortable jeans",clothing,142.51
789,"comfortable jeans",clothing,218.67
1248,"comfortable jeans",clothing,238.78
763,"comfortable jeans",clothing,249.01
967,"comfortable jeans",clothing,297.05
111,"comfortable jeans",clothing,310.3
269,"comfortable jeans",clothing,363.93
419,"comfortable jeans",clothing,372.03
732,"comfortable jeans",clothing,427.14
1234,"comfortable jeans",clothing,436.31
423,"comfortable shirt",clothing,23.9
340,"comfortable shirt",clothing,69.18
1206,"comfortable shirt",clothing,104.5
156,"comfortable shirt",clothing,124.36
279,"comfortable shirt",clothing,127.6
1028,"comfortable shirt",clothing,137.09
641,"comfortable shirt",clothing,152.32
718,"comfortable shirt",clothing,175.27
960,"comfortable shirt",clothing,180.04
521,"comfortable shirt",clothing,211.02
872,"comfortable shirt",clothing,226.57
956,"comfortable shirt",clothing,234.66
1256,"comfortable shirt",clothing,237.0
1232,"comfortable shirt",clothing,271.46
638,"comfortable shirt",clothing,308.67
605,"comfortable shirt",clothing,319.05
651,"comfortable shirt",clothing,319.64
299,"comfortable shirt",clothing,340.23
669,"comfortable shirt",clothing,371.54
977,"comfortable shirt",clothing,397.17
1029,"comfortable shirt",clothing,419.8
1185,"comfortable shirt",clothing,459.46
890,"comfortable shirt",clothing,479.04
574,"comfortable shirt",clothing,480.19
747,"comfortable sweater",clothing,102.1
388,"comfortable sweater",clothing,104.4
1184,"comfortable sweater",clothing,141.67
1086,"comfortable sweater",clothing,150.05
873,"comfortable sweater",clothing,166.09
32,"comfortable sweater",clothing,188.74
1058,"comfortable sweater",clothing,243.71
120,"comfortable sweater",clothing,244.28
436,"comfortable sweater",clothing,254.87
1094,"comfortable sweater",clothing,313.14
472,"comfortable sweater",clothing,367.25
987,"comfortable sweater",clothing,374.31
615,"comfortable sweater",clothing,413.6
853,"comfortable sweater",clothing,431.29
874,"comfortable sweater",clothing,464.03
833,"comfortable sweater",clothing,474.31
1157,"compact camera",electronics,87.37
613,"compact camera",electronics,137.91
946,"compact camera",electronics,209.91
60,"compact camera",electronics,232.1
850,"compact camera",electronics,344.59
331,"compact camera",electronics,349.24
712,"compact camera",electronics,369.34
1040,"compact camera",electronics,419.13
1264,"compact headphones",electronics,10.53
824,"compact headphones",electronics,11.28
237,"compact headphones",electronics,30.86
594,"compact headphones",electronics,39.34
829,"compact headphones",electronics,71.82
138,"compact headphones",electronics,179.38
612,"compact headphones",electronics,200.78
1191,"compact headphones",electronics,224.47
105,"compact headphones",electronics,306.32
769,"compact headphones",electronics,348.18
24,"compact headphones",electronics,358.2
629,"compact headphones",electronics,492.34
820,"compact monitor",electronics,71.55
406,"compact monitor",electronics,86.03
637,"compact monitor",electronics,158.14
168,"compact monitor",electronics,187.48
1180,"compact monitor",electronics,200.88
708,"compact monitor",electronics,256.11
117,"compact monitor",electronics,272.14
467,"compact monitor",electronics,334.98
1260,"compact monitor",electronics,340.33
1176,"compact monitor",electronics,376.41
298,"compact monitor",electronics,391.17
899,"compact monitor",electronics,402.67
757,"compact monitor",electronics,410.92
1168,"compact monitor",electronics,414.84
818,"compact monitor",electronics,460.1
163,"compact monitor",electronics,467.68
346,"compact speaker",electronics,70.43
1117,"compact speaker",electronics,96.93
998,"compact speaker",electronics,107.21
966,"compact speaker",electronics,109.55
188,"compact speaker",electronics,112.83
777,"compact speaker",electronics,118.9
469,"compact speaker",electronics,165.83
1013,"compact speaker",electronics,181.31
68,"compact speaker",electronics,185.41
808,"compact speaker",electronics,199.7
509,"compact speaker",electronics,200.72
1186,"compact speaker",electronics,230.84
626,"compact speaker",electronics,273.7
351,"compact speaker",electronics,287.76
491,"compact speaker",electronics,331.05
978,"compact speaker",electronics,358.78
1173,"compact speaker",electronics,362.73
164,"compact speaker",electronics,375.41
601,"compact speaker",electronics,427.22
181,"compact speaker",electronics,446.8
343,"compact speaker",electronics,455.77
1030,"compact speaker",electronics,486.62
81,"compact speaker",electronics,492.53
70,"cozy chair",home,30.07
411,"cozy chair",home,49.38
737,"cozy chair",home,57.07
1109,"cozy chair",home,75.29
59,"cozy chair",home,93.21
199,"cozy chair",home,147.23
492,"cozy chair",home,149.95
658,"cozy chair",home,228.21
67,"cozy chair",home,236.92
1122,"cozy chair",home,251.36
643,"cozy chair",home,265.11
334,"cozy chair",home,298.65
1278,"cozy chair",home,325.33
410,"cozy chair",home,339.39
231,"cozy chair",home,415.92
1083,"cozy chair",home,424.56
1120,"cozy chair",home,488.16
947,"cozy lamp",home,9.2
350,"cozy lamp",home,31.31
1268,"cozy lamp",home,58.82
190,"cozy lamp",home,167.93
348,"cozy lamp",home,200.98
843,"cozy lamp",home,208.41
488,"cozy lamp",home,294.29
1136,"cozy lamp",home,295.07
528,"cozy lamp",home,310.53
132,"cozy lamp",home,351.7
518,"cozy lamp",home,376.89
484,"cozy lamp",home,396.24
931,"cozy lamp",home,397.95
806,"cozy lamp",home,410.99
385,"cozy lamp",home,423.41
997,"cozy lamp",home,427.88
896,"cozy rug",home,14.7
461,"cozy rug",home,54.86
501,"cozy rug",home,66.31
1212,"cozy rug",home,77.78
1006,"cozy rug",home,87.91
49,"cozy rug",home,184.14
934,"cozy rug",home,184.74
113,"cozy rug",home,231.84
856,"cozy rug",home,245.05
347,"cozy rug",home,256.98
502,"cozy rug",home,258.05
482,"cozy rug",home,297.96
356,"cozy rug",home,386.27
375,"cozy rug",home,425.39
520,"cozy rug",home,437.54
1262,"cozy rug",home,459.44
645,"cozy rug",home,475.96
889,"cozy rug",home,476.13
420,"cozy table",home,52.56
456,"cozy table",home,105.74
1147,"cozy table",home,133.35
1237,"cozy table",home,187.17
1115,"cozy table",home,187.35
697,"cozy table",home,190.01
538,"cozy table",home,208.63
503,"cozy table",home,231.33
407,"cozy table",home,267.28
905,"cozy table",home,301.18
270,"cozy table",home,343.63
912,"cozy table",home,355.2
253,"cozy table",home,409.09
198,"cozy table",home,437.94
773,"cozy table",home,460.28
332,"cozy table",home,475.73
1188,"cozy table",home,485.35
1230,"durable jacket",clothing,13.34
1143,"durable jacket",clothing,89.78
1071,"durable jacket",clothing,92.89
661,"durable jacket",clothing,130.9
115,"durable jacket",clothing,139.39
1004,"durable jacket",clothing,168.98
1007,"durable jacket",clothing,173.81
1036,"durable jacket",clothing,196.0
1209,"durable jacket",clothing,204.3
875,"durable jacket",clothing,251.3
1158,"durable jacket",clothing,320.04
229,"durable jacket",clothing,354.2
1027,"durable jacket",clothing,359.4
1267,"durable jacket",clothing,388.41
186,"durable jacket",clothing,414.7
730,"durable jacket",clothing,421.24
201,"durable jacket",clothing,429.89
846,"durable jacket",clothing,467.33
542,"durable jeans",clothing,38.98
1214,"durable jeans",clothing,43.93
244,"durable jeans",clothing,64.55
811,"durable jeans",clothing,112.91
844,"durable jeans",clothing,156.44
135,"durable jeans",clothing,185.85
689,"durable jeans",clothing,200.11
355,"durable jeans",clothing,246.49
1196,"durable jeans",clothing,275.04
1204,"durable jeans",clothing,344.39
910,"durable jeans",clothing,394.68
922,"durable jeans",clothing,435.01
376,"durable jeans",clothing,487.4
1179,"durable jeans",clothing,498.99
565,"durable shirt",clothing,90.9
945,"durable shirt",clothing,114.36
142,"durable shirt",clothing,122.79
1077,"durable shirt",clothing,132.54
234,"durable shirt",clothing,152.44
532,"durable shirt",clothing,202.89
884,"durable shirt",clothing,214.79
610,"durable shirt",clothing,232.09
943,"durable shirt",clothing,232.95
636,"durable shirt",clothing,267.78
1223,"durable shirt",clothing,279.8
1159,"durable shirt",clothing,284.53
386,"durable shirt",clothing,308.8
417,"durable shirt",clothing,316.76
897,"durable shirt",clothing,363.31
431,"durable shirt",clothing,435.36
790,"durable shirt",clothing,474.34
265,"durable shirt",clothing,499.95
1052,"durable sweater",clothing,71.78
671,"durable sweater",clothing,97.69
53,"durable sweater",clothing,134.27
754,"durable sweater",clothing,203.72
79,"durable sweater",clothing,248.73
985,"durable sweater",clothing,251.54
277,"durable sweater",clothing,269.13
97,"durable sweater",clothing,270.76
719,"durable sweater",clothing,283.68
1258,"durable sweater",clothing,338.5
210,"durable sweater",clothing,380.28
865,"durable sweater",clothing,412.8
647,"durable sweater",clothing,414.75
548,"durable sweater",clothing,471.35
1125,"durable sweater",clothing,478.87
792,"educational blocks",toys,24.69
392,"educational blocks",toys,48.91
1020,"educational blocks",toys,170.01
1087,"educational blocks",toys,186.54
795,"educational blocks",toys,204.2
821,"educational blocks",toys,213.93
1190,"educational blocks",toys,331.69
143,"educational blocks",toys,339.12
768,"educational blocks",toys,365.25
16,"educational blocks",toys,397.31
563,"educational blocks",toys,398.29
413,"educational blocks",toys,406.07
888,"educational blocks",toys,420.61
36,"educational blocks",toys,433.76
339,"educational car",toys,9.95
929,"educational car",toys,10.2
706,"educational car",toys,37.28
220,"educational car",toys,41.28
799,"educational car",toys,59.45
952,"educational car",toys,76.82
139,"educational car",toys,80.62
1148,"educational car",toys,83.28
475,"educational car",toys,84.05
131,"educational car",toys,87.94
381,"educational car",toys,89.99
722,"educational car",toys,109.62
1096,"educational car",toys,120.67
1084,"educational car",toys,173.69
215,"educational car",toys,208.5
772,"educational car",toys,250.83
1,"educational car",toys,303.43
300,"educational car",toys,386.23
508,"educational car",toys,407.97
776,"educational car",toys,423.93
33,"educational car",toys,453.59
458,"educational car",toys,456.95
724,"educational car",toys,489.06
634,"educational doll",toys,49.12
623,"educational doll",toys,207.76
916,"educational doll",toys,245.95
1182,"educational doll",toys,273.19
788,"educational doll",toys,285.64
352,"educational doll",toys,300.39
438,"educational doll",toys,327.92
1261,"educational doll",toys,371.96
755,"educational doll",toys,391.87
207,"educational doll",toys,394.2
633,"educational doll",toys,401.7
627,"educational doll",toys,409.07
694,"educational doll",toys,414.21
858,"educational doll",toys,424.83
151,"educational doll",toys,465.67
1183,"educational doll",toys,496.17
110,"educational puzzle",toys,14.34
529,"educational puzzle",toys,36.58
679,"educational puzzle",toys,57.69
177,"educational puzzle",toys,209.33
1059,"educational puzzle",toys,400.02
781,"educational puzzle",toys,459.86
564,"elegant chair",home,6.13
667,"elegant chair",home,14.01
172,"elegant chair",home,18.57
849,"elegant chair",home,19.5
1162,"elegant chair",home,70.15
571,"elegant chair",home,99.36
1023,"elegant chair",home,111.24
1110,"elegant chair",home,156.04
976,"elegant chair",home,215.55
1088,"elegant chair",home,241.48
554,"elegant chair",home,270.75
904,"elegant chair",home,286.15
442,"elegant chair",home,324.46
416,"elegant chair",home,386.76
746,"elegant chair",home,410.35
1092,"elegant chair",home,469.6
1046,"elegant lamp",home,16.67
123,"elegant lamp",home,47.28
122,"elegant lamp",home,58.51
749,"elegant lamp",home,113.99
714,"elegant lamp",home,150.05
709,"elegant lamp",home,164.71
546,"elegant lamp",home,171.53
497,"elegant lamp",home,176.21
1085,"elegant lamp",home,176.46
1099,"elegant lamp",home,188.8
753,"elegant lamp",home,221.07
721,"elegant lamp",home,248.56
761,"elegant lamp",home,273.44
507,"elegant lamp",home,330.6
361,"elegant lamp",home,380.72
1104,"elegant lamp",home,425.41
785,"elegant lamp",home,459.06
37,"elegant lamp",home,460.74
902,"elegant rug",home,22.93
511,"elegant rug",home,27.35
727,"elegant rug",home,42.33
1132,"elegant rug",home,56.49
63,"elegant rug",home,84.82
807,"elegant rug",home,165.46
1244,"elegant rug",home,278.03
1014,"elegant rug",home,278.23
17,"elegant rug",home,282.48
500,"elegant rug",home,283.94
569,"elegant rug",home,294.82
1138,"elegant rug",home,316.9
1239,"elegant rug",home,368.1
650,"elegant rug",home,385.78
39,"elegant rug",home,387.18
292,"elegant rug",home,421.42
1045,"elegant rug",home,424.92
23,"elegant rug",home,435.59
357,"elegant rug",home,478.97
478,"elegant table",home,39.39
728,"elegant table",home,46.42
29,"elegant table",home,115.09
939,"elegant table",home,153.36
1082,"elegant table",home,170.82
1197,"elegant table",home,175.26
814,"elegant table",home,219.81
380,"elegant table",home,241.36
887,"elegant table",home,280.8
984,"elegant table",home,288.81
796,"elegant table",home,316.63
69,"elegant table",home,332.86
715,"elegant table",home,333.13
608,"elegant table",home,358.92
335,"elegant table",home,390.76
523,"elegant table",home,424.62
752,"elegant table",home,439.18
224,"elegant table",home,446.53
282,"elegant table",home,463.23
1266,"elegant table",home,488.41
214,"elegant table",home,493.88
228,"fun blocks",toys,35.48
26,"fun blocks",toys,39.04
1015,"fun blocks",toys,39.77
898,"fun blocks",toys,63.31
252,"fun blocks",toys,112.17
278,"fun blocks",toys,188.95
964,"fun blocks",toys,197.32
393,"fun blocks",toys,210.86
596,"fun blocks",toys,216.63
766,"fun blocks",toys,221.07
426,"fun blocks",toys,291.97
487,"fun blocks",toys,296.04
841,"fun blocks",toys,336.98
819,"fun blocks",toys,375.14
980,"fun blocks",toys,388.3
41,"fun blocks",toys,415.72
513,"fun blocks",toys,429.41
490,"fun blocks",toys,430.76
603,"fun blocks",toys,453.52
160,"fun blocks",toys,459.47
1123,"fun car",toys,9.05
55,"fun car",toys,33.76
584,"fun car",toys,103.6
118,"fun car",toys,104.4
879,"fun car",toys,121.54
1235,"fun car",toys,140.22
230,"fun car",toys,178.79
1277,"fun car",toys,185.19
1283,"fun car",toys,193.59
968,"fun car",toys,209.74
734,"fun car",toys,272.41
561,"fun car",toys,289.12
3,"fun car",toys,379.98
1130,"fun car",toys,426.47
336,"fun car",toys,472.8
975,"fun doll",toys,24.34
1242,"fun doll",toys,37.26
240,"fun doll",toys,50.45
1228,"fun doll",toys,77.04
1019,"fun doll",toys,77.72
1022,"fun doll",toys,194.57
882,"fun doll",toys,197.2
592,"fun doll",toys,209.66
1240,"fun doll",toys,269.5
203,"fun doll",toys,293.5
225,"fun doll",toys,369.65
441,"fun doll",toys,372.52
1113,"fun doll",toys,382.37
827,"fun doll",toys,432.73
628,"fun doll",toys,473.2
368,"fun doll",toys,486.4
78,"fun doll",toys,495.19
597,"fun puzzle",toys,37.09
65,"fun puzzle",toys,43.32
1281,"fun puzzle",toys,44.1
276,"fun puzzle",toys,78.5
409,"fun puzzle",toys,79.33
675,"fun puzzle",toys,80.37
261,"fun puzzle",toys,96.29
779,"fun puzzle",toys,126.92
917,"fun puzzle",toys,138.32
408,"fun puzzle",toys,147.71
1073,"fun puzzle",toys,163.12
289,"fun puzzle",toys,175.58
1144,"fun puzzle",toys,260.04
82,"fun puzzle",toys,276.79
250,"fun puzzle",toys,331.54
412,"fun puzzle",toys,360.0
801,"fun puzzle",toys,427.68
394,"fun puzzle",toys,441.06
598,"fun puzzle",toys,452.66
25,"fun puzzle",toys,458.32
213,"fun puzzle",toys,461.32
516,"hardcover anthology",books,65.98
552,"hardcover anthology",books,140.72
775,"hardcover anthology",books,146.76
1203,"hardcover anthology",books,153.08
100,"hardcover anthology",books,224.24
9,"hardcover anthology",books,233.27
539,"hardcover anthology",books,245.08
586,"hardcover anthology",books,245.61
99,"hardcover anthology",books,259.53
1187,"hardcover anthology",books,305.95
504,"hardcover anthology",books,385.47
1000,"hardcover anthology",books,386.32
227,"hardcover anthology",books,426.61
510,"hardcover anthology",books,468.24
83,"hardcover guide",books,14.42
266,"hardcover guide",books,32.18
782,"hardcover guide",books,45.61
18,"hardcover guide",books,68.85
22,"hardcover guide",books,94.51
854,"hardcover guide",books,145.85
926,"hardcover guide",books,155.29
221,"hardcover guide",books,175.69
175,"hardcover guide",books,207.46
1219,"hardcover guide",books,211.97
233,"hardcover guide",books,217.7
415,"hardcover guide",books,266.31
288,"hardcover guide",books,310.29
101,"hardcover guide",books,331.31
989,"hardcover guide",books,405.24
323,"hardcover guide",books,438.54
836,"hardcover guide",books,461.43
428,"hardcover memoir",books,8.76
1215,"hardcover memoir",books,28.35
567,"hardcover memoir",books,142.8
876,"hardcover memoir",books,162.35
918,"hardcover memoir",books,180.5
473,"hardcover memoir",books,191.13
566,"hardcover memoir",books,232.23
239,"hardcover memoir",books,249.21
743,"hardcover memoir",books,262.68
915,"hardcover memoir",books,306.69
953,"hardcover memoir",books,331.26
466,"hardcover memoir",books,357.64
927,"hardcover memoir",books,391.89
733,"hardcover memoir",books,395.93
169,"hardcover memoir",books,424.5
837,"hardcover novel",books,27.39
307,"hardcover novel",books,35.48
1035,"hardcover novel",books,43.06
723,"hardcover novel",books,141.2
745,"hardcover novel",books,177.66
401,"hardcover novel",books,193.7
1253,"hardcover novel",books,204.51
1254,"hardcover novel",books,273.36
40,"hardcover novel",books,291.28
674,"hardcover novel",books,295.32
264,"hardcover novel",books,298.55
249,"hardcover novel",books,301.05
296,"hardcover novel",books,314.67
900,"hardcover novel",books,334.15
192,"hardcover novel",books,375.75
255,"hardcover novel",books,382.35
1055,"hardcover novel",books,426.54
430,"hardcover novel",books,478.96
659,"illustrated anthology",books,28.08
911,"illustrated anthology",books,70.42
1141,"illustrated anthology",books,76.8
152,"illustrated anthology",books,98.83
1129,"illustrated anthology",books,101.86
1175,"illustrated anthology",books,183.2
547,"illustrated anthology",books,186.32
617,"illustrated anthology",books,233.23
668,"illustrated anthology",books,257.74
589,"illustrated anthology",books,287.38
127,"illustrated anthology",books,325.44
333,"illustrated anthology",books,346.44
825,"illustrated anthology",books,364.7
77,"illustrated anthology",books,391.6
349,"illustrated anthology",books,402.95
317,"illustrated anthology",books,420.85
1171,"illustrated anthology",books,444.26
851,"illustrated anthology",books,476.9
260,"illustrated guide",books,52.69
313,"illustrated guide",books,93.57
823,"illustrated guide",books,99.88
800,"illustrated guide",books,182.56
1169,"illustrated guide",books,219.53
1056,"illustrated guide",books,237.75
485,"illustrated guide",books,240.35
50,"illustrated guide",books,265.67
5,"illustrated guide",books,267.35
886,"illustrated guide",books,298.5
1282,"illustrated guide",books,303.57
366,"illustrated guide",books,322.62
1218,"illustrated guide",books,343.44
88,"illustrated guide",books,374.68
372,"illustrated guide",books,397.7
236,"illustrated guide",books,425.02
98,"illustrated memoir",books,8.58
1134,"illustrated memoir",books,32.29
778,"illustrated memoir",books,41.61
784,"illustrated memoir",books,85.78
541,"illustrated memoir",books,111.84
291,"illustrated memoir",books,172.44
312,"illustrated memoir",books,197.04
845,"illustrated memoir",books,219.07
909,"illustrated memoir",books,241.12
293,"illustrated memoir",books,292.94
505,"illustrated memoir",books,320.43
243,"illustrated memoir",books,332.65
418,"illustrated memoir",books,347.24
7,"illustrated memoir",books,362.95
103,"illustrated memoir",books,371.26
815,"illustrated memoir",books,375.64
1167,"illustrated memoir",books,407.8
402,"illustrated novel",books,29.9
1121,"illustrated novel",books,30.58
287,"illustrated novel",books,89.1
1229,"illustrated novel",books,103.35
986,"illustrated novel",books,121.18
51,"illustrated novel",books,208.42
935,"illustrated novel",books,232.56
864,"illustrated novel",books,275.57
713,"illustrated novel",books,343.48
803,"illustrated novel",books,377.94
374,"interactive blocks",toys,85.14
126,"interactive blocks",toys,107.3
572,"interactive blocks",toys,114.14
1106,"interactive blocks",toys,136.89
1263,"interactive blocks",toys,153.06
817,"interactive blocks",toys,160.26
338,"interactive blocks",toys,195.35
847,"interactive blocks",toys,217.21
398,"interactive blocks",toys,217.61
286,"interactive blocks",toys,218.04
699,"interactive blocks",toys,249.58
109,"interactive blocks",toys,304.22
869,"interactive blocks",toys,310.83
185,"interactive blocks",toys,312.98
1017,"interactive blocks",toys,330.34
194,"interactive blocks",toys,349.51
451,"interactive blocks",toys,386.38
429,"interactive blocks",toys,393.84
906,"interactive blocks",toys,410.46
52,"interactive blocks",toys,448.67
941,"interactive blocks",toys,460.87
1039,"interactive car",toys,27.56
742,"interactive car",toys,79.69
1213,"interactive car",toys,170.95
246,"interactive car",toys,241.67
1273,"interactive car",toys,256.64
812,"interactive car",toys,263.88
828,"interactive car",toys,366.18
1271,"interactive car",toys,410.6
581,"interactive car",toys,418.88
54,"interactive car",toys,467.69
1174,"interactive car",toys,494.41
93,"interactive doll",toys,6.99
1163,"interactive doll",toys,78.18
1034,"interactive doll",toys,124.63
648,"interactive doll",toys,135.55
147,"interactive doll",toys,168.4
707,"interactive doll",toys,171.97
522,"interactive doll",toys,173.51
1211,"interactive doll",toys,232.62
979,"interactive doll",toys,268.63
273,"interactive doll",toys,294.22
38,"interactive doll",toys,328.04
208,"interactive doll",toys,352.47
303,"interactive doll",toys,387.13
767,"interactive doll",toys,387.56
10,"interactive doll",toys,414.84
499,"interactive doll",toys,427.27
831,"interactive doll",toys,472.44
189,"interactive puzzle",toys,26.6
46,"interactive puzzle",toys,43.88
182,"interactive puzzle",toys,49.07
577,"interactive puzzle",toys,137.03
76,"interactive puzzle",toys,248.26
1207,"interactive puzzle",toys,302.83
1165,"interactive puzzle",toys,307.84
1198,"interactive puzzle",toys,385.36
1063,"interactive puzzle",toys,392.53
344,"interactive puzzle",toys,453.2
1153,"interactive puzzle",toys,479.28
1135,"modern anthology",books,6.6
549,"modern anthology",books,137.05
1205,"modern anthology",books,205.42
1166,"modern anthology",books,214.55
994,"modern anthology",books,220.75
434,"modern anthology",books,225.08
813,"modern anthology",books,229.21
1010,"modern anthology",books,305.51
995,"modern anthology",books,327.32
1127,"modern anthology",books,332.24
171,"modern anthology",books,346.96
440,"modern anthology",books,362.78
892,"modern anthology",books,375.51
920,"modern anthology",books,439.33
848,"modern anthology",books,446.7
949,"modern anthology",books,493.87
91,"modern chair",home,44.2
646,"modern chair",home,54.11
535,"modern chair",home,112.82
703,"modern chair",home,168.73
365,"modern chair",home,171.29
1060,"modern chair",home,173.83
1093,"modern chair",home,199.9
263,"modern chair",home,243.09
397,"modern chair",home,277.82
955,"modern chair",home,340.0
670,"modern chair",home,444.13
1053,"modern chair",home,456.51
377,"modern chair",home,459.06
1048,"modern chair",home,459.98
602,"modern chair",home,474.23
1236,"modern guide",books,9.31
744,"modern guide",books,12.16
1139,"modern guide",books,36.06
527,"modern guide",books,49.91
405,"modern guide",books,74.61
590,"modern guide",books,103.46
685,"modern guide",books,111.95
1224,"modern guide",books,166.23
166,"modern guide",books,192.3
47,"modern guide",books,213.55
783,"modern guide",books,247.29
937,"modern guide",books,275.12
991,"modern guide",books,291.33
396,"modern guide",books,354.24
1280,"modern guide",books,366.22
370,"modern guide",books,398.95
619,"modern guide",books,419.58
700,"modern guide",books,436.43
248,"modern guide",books,445.82
540,"modern guide",books,478.63
913,"modern guide",books,495.84
631,"modern lamp",home,51.02
942,"modern lamp",home,109.55
1201,"modern lamp",home,174.88
621,"modern lamp",home,203.17
137,"modern lamp",home,220.81
125,"modern lamp",home,237.0
400,"modern lamp",home,253.56
321,"modern lamp",home,313.47
498,"modern lamp",home,324.99
543,"modern lamp",home,414.5
158,"modern lamp",home,450.39
218,"modern lamp",home,485.37
907,"modern memoir",books,64.24
861,"modern memoir",books,97.63
1008,"modern memoir",books,161.67
533,"modern memoir",books,208.92
656,"modern memoir",books,235.23
1245,"modern memoir",books,240.75
835,"modern memoir",books,280.96
1172,"modern memoir",books,295.27
73,"modern memoir",books,296.28
764,"modern memoir",books,376.09
1286,"modern memoir",books,400.35
1111,"modern memoir",books,416.11
1272,"modern memoir",books,433.2
515,"modern memoir",books,457.04
720,"modern memoir",books,457.54
107,"modern memoir",books,467.56
84,"modern memoir",books,493.54
625,"modern novel",books,54.19
1037,"modern novel",books,146.63
1089,"modern novel",books,149.86
585,"modern novel",books,151.67
470,"modern novel",books,165.17
691,"modern novel",books,189.66
558,"modern novel",books,225.24
259,"modern novel",books,251.18
950,"modern novel",books,266.73
1001,"modern novel",books,289.36
455,"modern novel",books,431.74
443,"modern novel",books,447.52
655,"modern novel",books,493.45
226,"modern rug",home,59.14
165,"modern rug",home,102.36
559,"modern rug",home,106.98
1075,"modern rug",home,117.13
1238,"modern rug",home,146.18
901,"modern rug",home,176.92
860,"modern rug",home,207.72
771,"modern rug",home,328.95
988,"modern rug",home,374.15
1118,"modern rug",home,384.9
1114,"modern rug",home,392.38
72,"modern rug",home,444.77
758,"modern rug",home,464.55
112,"modern table",home,60.24
1270,"modern table",home,97.82
664,"modern table",home,129.19
1160,"modern table",home,147.31
604,"modern table",home,154.14
462,"modern table",home,274.0
933,"modern table",home,301.64
1152,"modern table",home,365.28
1225,"modern table",home,419.61
711,"modern table",home,424.46
614,"modern table",home,481.51
1133,"portable camera",electronics,22.43
328,"portable camera",electronics,37.99
692,"portable camera",electronics,93.66
798,"portable camera",electronics,122.66
587,"portable camera",electronics,134.85
1284,"portable camera",electronics,141.33
657,"portable camera",electronics,148.14
1275,"portable camera",electronics,169.76
751,"portable camera",electronics,176.3
1047,"portable camera",electronics,176.32
1090,"portable camera",electronics,186.07
129,"portable camera",electronics,198.51
1231,"portable camera",electronics,204.89
327,"portable camera",electronics,215.95
1241,"portable camera",electronics,217.05
1208,"portable camera",electronics,254.91
211,"portable camera",electronics,285.8
665,"portable camera",electronics,296.82
579,"portable camera",electronics,348.61
449,"portable camera",electronics,353.31
1067,"portable camera",electronics,385.5
1051,"portable camera",electronics,399.31
632,"portable headphones",electronics,19.23
797,"portable headphones",electronics,101.19
1202,"portable headphones",electronics,116.36
862,"portable headphones",electronics,134.67
562,"portable headphones",electronics,174.15
735,"portable headphones",electronics,175.19
600,"portable headphones",electronics,220.74
924,"portable headphones",electronics,279.49
583,"portable headphones",electronics,319.41
1150,"portable headphones",electronics,356.11
395,"portable headphones",electronics,356.5
58,"portable headphones",electronics,402.09
1255,"portable headphones",electronics,421.81
337,"portable headphones",electronics,467.21
316,"portable monitor",electronics,15.62
193,"portable monitor",electronics,30.15
217,"portable monitor",electronics,68.75
254,"portable monitor",electronics,167.46
1194,"portable monitor",electronics,206.32
687,"portable monitor",electronics,235.74
576,"portable monitor",electronics,240.69
149,"portable monitor",electronics,240.9
235,"portable monitor",electronics,267.67
450,"portable monitor",electronics,273.41
1259,"portable monitor",electronics,320.94
445,"portable monitor",electronics,328.97
1145,"portable monitor",electronics,377.13
314,"portable monitor",electronics,397.81
895,"portable monitor",electronics,436.78
191,"portable speaker",electronics,8.5
857,"portable speaker",electronics,62.54
329,"portable speaker",electronics,79.69
704,"portable speaker",electronics,86.39
200,"portable speaker",electronics,87.41
320,"portable speaker",electronics,125.45
383,"portable speaker",electronics,128.56
786,"portable speaker",electronics,134.27
1098,"portable speaker",electronics,158.95
660,"portable speaker",electronics,160.04
1199,"portable speaker",electronics,231.7
272,"portable speaker",electronics,327.31
271,"portable speaker",electronics,340.2
318,"portable speaker",electronics,365.88
517,"portable speaker",electronics,382.68
1062,"portable speaker",electronics,431.68
1124,"portable speaker",electronics,454.04
product_id,product_name,category,unit_price
883,"rustic chair",home,17.08
178,"rustic chair",home,88.72
104,"rustic chair",home,108.91
678,"rustic chair",home,162.93
1170,"rustic chair",home,184.63
145,"rustic chair",home,208.89
780,"rustic chair",home,257.05
157,"rustic chair",home,263.61
555,"rustic chair",home,299.99
116,"rustic chair",home,301.05
1054,"rustic chair",home,326.73
834,"rustic chair",home,401.64
136,"rustic chair",home,423.13
878,"rustic chair",home,428.72
530,"rustic chair",home,437.84
315,"rustic chair",home,463.14
1024,"rustic chair",home,496.45
1276,"rustic lamp",home,45.73
1103,"rustic lamp",home,120.28
496,"rustic lamp",home,122.09
969,"rustic lamp",home,191.17
695,"rustic lamp",home,193.45
599,"rustic lamp",home,329.64
297,"rustic lamp",home,336.38
119,"rustic lamp",home,361.49
816,"rustic lamp",home,403.65
963,"rustic lamp",home,411.03
176,"rustic lamp",home,443.84
96,"rustic rug",home,23.2
616,"rustic rug",home,81.18
358,"rustic rug",home,91.87
363,"rustic rug",home,102.05
1012,"rustic rug",home,146.86
241,"rustic rug",home,157.91
948,"rustic rug",home,162.13
624,"rustic rug",home,193.63
108,"rustic rug",home,210.62
534,"rustic rug",home,224.44
962,"rustic rug",home,345.95
591,"rustic rug",home,378.97
399,"rustic rug",home,407.06
1078,"rustic rug",home,428.67
726,"rustic rug",home,455.43
204,"rustic table",home,21.97
688,"rustic table",home,31.18
894,"rustic table",home,94.03
1068,"rustic table",home,149.38
360,"rustic table",home,202.28
1050,"rustic table",home,222.38
693,"rustic table",home,228.05
1155,"rustic table",home,243.23
371,"rustic table",home,258.68
1217,"rustic table",home,260.81
1038,"rustic table",home,351.0
421,"rustic table",home,360.66
448,"rustic table",home,384.6
609,"rustic table",home,406.29
87,"rustic table",home,413.37
1181,"rustic table",home,447.55
305,"rustic table",home,448.89
971,"rustic table",home,463.42
247,"rustic table",home,498.5
981,"smart camera",electronics,45.32
930,"smart camera",electronics,57.98
1080,"smart camera",electronics,112.48
804,"smart camera",electronics,135.81
311,"smart camera",electronics,180.18
908,"smart camera",electronics,210.7
281,"smart camera",electronics,215.05
219,"smart camera",electronics,222.69
342,"smart camera",electronics,247.06
553,"smart camera",electronics,275.51
595,"smart camera",electronics,304.96
970,"smart camera",electronics,312.74
34,"smart camera",electronics,354.61
663,"smart camera",electronics,380.9
90,"smart camera",electronics,388.3
1156,"smart camera",electronics,396.95
1251,"smart camera",electronics,490.57
1097,"smart headphones",electronics,28.5
1193,"smart headphones",electronics,65.11
495,"smart headphones",electronics,67.07
702,"smart headphones",electronics,92.64
859,"smart headphones",electronics,190.28
839,"smart headphones",electronics,201.84
1064,"smart headphones",electronics,207.32
1131,"smart headphones",electronics,223.28
618,"smart headphones",electronics,268.31
468,"smart headphones",electronics,269.71
914,"smart headphones",electronics,275.53
373,"smart headphones",electronics,289.18
1108,"smart headphones",electronics,311.53
454,"smart headphones",electronics,356.0
414,"smart headphones",electronics,396.41
863,"smart headphones",electronics,444.39
682,"smart headphones",electronics,468.38
489,"smart headphones",electronics,486.12
13,"smart monitor",electronics,14.84
996,"smart monitor",electronics,35.24
830,"smart monitor",electronics,48.6
66,"smart monitor",electronics,50.36
739,"smart monitor",electronics,69.89
990,"smart monitor",electronics,80.65
729,"smart monitor",electronics,89.17
1189,"smart monitor",electronics,100.43
389,"smart monitor",electronics,101.98
1243,"smart monitor",electronics,195.79
936,"smart monitor",electronics,239.7
80,"smart monitor",electronics,244.02
731,"smart monitor",electronics,297.04
306,"smart monitor",electronics,336.16
187,"smart monitor",electronics,342.76
793,"smart monitor",electronics,367.82
439,"smart monitor",electronics,497.24
354,"smart speaker",electronics,15.32
514,"smart speaker",electronics,61.56
705,"smart speaker",electronics,112.49
28,"smart speaker",electronics,119.53
223,"smart speaker",electronics,167.56
903,"smart speaker",electronics,169.02
842,"smart speaker",electronics,190.35
666,"smart speaker",electronics,236.32
972,"smart speaker",electronics,244.99
787,"smart speaker",electronics,246.3
141,"smart speaker",electronics,250.48
1116,"smart speaker",electronics,275.04
285,"smart speaker",electronics,441.55
403,"smart speaker",electronics,450.21
159,"smart speaker",electronics,457.05
965,"smart speaker",electronics,471.6
258,"smart speaker",electronics,478.7
1011,"stylish jacket",clothing,51.72
928,"stylish jacket",clothing,56.76
1274,"stylish jacket",clothing,62.73
390,"stylish jacket",clothing,74.65
868,"stylish jacket",clothing,93.53
867,"stylish jacket",clothing,94.54
1069,"stylish jacket",clothing,119.53
452,"stylish jacket",clothing,138.04
304,"stylish jacket",clothing,220.62
21,"stylish jacket",clothing,237.0
1026,"stylish jacket",clothing,245.36
1018,"stylish jacket",clothing,264.26
1226,"stylish jacket",clothing,294.12
524,"stylish jacket",clothing,297.08
1137,"stylish jacket",clothing,346.22
130,"stylish jacket",clothing,467.22
1149,"stylish jeans",clothing,33.71
791,"stylish jeans",clothing,37.83
140,"stylish jeans",clothing,46.54
222,"stylish jeans",clothing,71.31
447,"stylish jeans",clothing,77.09
1269,"stylish jeans",clothing,95.56
756,"stylish jeans",clothing,114.78
557,"stylish jeans",clothing,131.62
606,"stylish jeans",clothing,164.98
341,"stylish jeans",clothing,187.11
974,"stylish jeans",clothing,211.87
1032,"stylish jeans",clothing,229.95
369,"stylish jeans",clothing,236.63
301,"stylish jeans",clothing,267.37
1074,"stylish jeans",clothing,272.92
27,"stylish jeans",clothing,325.33
1031,"stylish jeans",clothing,474.55
44,"stylish jeans",clothing,494.23
309,"stylish jeans",clothing,495.53
302,"stylish shirt",clothing,72.45
404,"stylish shirt",clothing,129.12
114,"stylish shirt",clothing,139.17
494,"stylish shirt",clothing,161.04
324,"stylish shirt",clothing,173.62
1250,"stylish shirt",clothing,266.98
531,"stylish shirt",clothing,294.52
877,"stylish shirt",clothing,337.38
622,"stylish shirt",clothing,342.69
822,"stylish shirt",clothing,369.3
1033,"stylish shirt",clothing,477.96
1161,"stylish sweater",clothing,17.75
1057,"stylish sweater",clothing,20.52
11,"stylish sweater",clothing,24.85
57,"stylish sweater",clothing,26.9
280,"stylish sweater",clothing,42.32
15,"stylish sweater",clothing,140.38
284,"stylish sweater",clothing,223.96
459,"stylish sweater",clothing,264.81
290,"stylish sweater",clothing,289.63
31,"stylish sweater",clothing,311.36
992,"stylish sweater",clothing,430.68
322,"stylish sweater",clothing,436.46
432,"stylish sweater",clothing,439.88
197,"stylish sweater",clothing,441.63
961,"stylish sweater",clothing,446.48
607,"stylish sweater",clothing,478.02
951,"wireless camera",electronics,24.14
154,"wireless camera",electronics,41.8
464,"wireless camera",electronics,71.62
95,"wireless camera",electronics,80.95
880,"wireless camera",electronics,129.56
550,"wireless camera",electronics,135.46
216,"wireless camera",electronics,143.7
1192,"wireless camera",electronics,171.7
866,"wireless camera",electronics,173.66
891,"wireless camera",electronics,214.3
551,"wireless camera",electronics,289.99
202,"wireless camera",electronics,367.55
437,"wireless camera",electronics,387.44
993,"wireless camera",electronics,398.68
881,"wireless camera",electronics,443.52
826,"wireless camera",electronics,457.74
162,"wireless headphones",electronics,21.9
506,"wireless headphones",electronics,22.7
86,"wireless headphones",electronics,60.1
4,"wireless headphones",electronics,89.48
1178,"wireless headphones",electronics,119.33
8,"wireless headphones",electronics,125.23
183,"wireless headphones",electronics,163.01
1102,"wireless headphones",electronics,214.54
146,"wireless headphones",electronics,251.49
1070,"wireless headphones",electronics,290.87
673,"wireless headphones",electronics,304.77
251,"wireless headphones",electronics,305.45
690,"wireless headphones",electronics,309.38
205,"wireless headphones",electronics,327.71
179,"wireless headphones",electronics,337.43
759,"wireless headphones",electronics,376.8
56,"wireless headphones",electronics,421.93
43,"wireless headphones",electronics,481.92
923,"wireless monitor",electronics,22.4
717,"wireless monitor",electronics,69.81
242,"wireless monitor",electronics,75.36
537,"wireless monitor",electronics,143.32
267,"wireless monitor",electronics,146.5
760,"wireless monitor",electronics,150.57
422,"wireless monitor",electronics,153.21
686,"wireless monitor",electronics,196.88
741,"wireless monitor",electronics,318.52
802,"wireless monitor",electronics,336.61
519,"wireless monitor",electronics,339.53
173,"wireless monitor",electronics,352.89
382,"wireless monitor",electronics,407.48
319,"wireless monitor",electronics,409.39
30,"wireless monitor",electronics,410.96
1049,"wireless monitor",electronics,414.45
483,"wireless monitor",electronics,437.72
871,"wireless speaker",electronics,193.73
1072,"wireless speaker",electronics,249.57
932,"wireless speaker",electronics,307.74
1164,"wireless speaker",electronics,327.15
42,"wireless speaker",electronics,344.27
570,"wireless speaker",electronics,350.04
938,"wireless speaker",electronics,358.91
1126,"wireless speaker",electronics,409.39
1016,"wireless speaker",electronics,475.48
ERROR: extra parameter: "==============================================".  Usage:
.output ?FILE?           Send output to FILE or stdout if FILE is omitted
   If FILE begins with '|' then open it as a pipe.
   Options:
     --bom                 Prefix output with a UTF8 byte-order mark
     -e                    Send output to the system text editor
     -x                    Send output as CSV to a spreadsheet
